{"train/loss": 0.3349, "train/grad_norm": 0.8915990591049194, "train/learning_rate": 4.9337434926644584e-05, "train/epoch": 0.07, "train/global_step": 140, "_timestamp": 1750088946.8122191, "_runtime": 2518.9964141845703, "_step": 29, "train_runtime": 1186.3921, "train_samples_per_second": 35.621, "train_steps_per_second": 8.905, "total_flos": 75791408824320.0, "train_loss": 1.4086360420499529}