{"train/loss": 0.3957, "train/grad_norm": 1.2967252731323242, "train/learning_rate": 4.938476100331283e-05, "train/epoch": 0.06, "train/global_step": 130, "_timestamp": 1749953880.5942008, "_runtime": 4962.910892963409, "_step": 49, "train_runtime": 1232.6211, "train_samples_per_second": 34.285, "train_steps_per_second": 8.571, "total_flos": 70377736765440.0, "train_loss": 1.623679784628061}